[{
        "id": 1762714506153,
        "nombreAlbum": "Primer intento",
        "artistaGrupo": "DVDF",
        "version": "2",
        "fechaLanzamiento": "2025-01-28",
        "idioma": "Español, Inglés",
        "duracion": "123.4 m",
        "peso": "1 g",
        "stock": "10",
        "categoria": "No se",
        "descripcion": "Álbum de prueba para validar la carga de datos.",
        "fechaCompra": "2025-02-10",
        "fechaCaducidad": "2025-11-22",
        "imagen": "http://localhost:3000/img/default.jpg"
    },
    {
        "id": 1001,
        "nombreAlbum": "Born Pink",
        "artistaGrupo": "BLACKPINK",
        "version": "Deluxe",
        "fechaLanzamiento": "2022-09-16",
        "idioma": "Coreano, Inglés",
        "duracion": "45 min",
        "peso": "200 g",
        "stock": "25",
        "categoria": "Álbum físico",
        "descripcion": "Incluye photobook, póster y tarjeta coleccionable.",
        "fechaCompra": "2024-06-10",
        "fechaCaducidad": "2026-06-10",
        "imagen": "../images/blackpink.png"
    },
    {
        "id": 1002,
        "nombreAlbum": "Proof",
        "artistaGrupo": "BTS",
        "version": "Compact Edition",
        "fechaLanzamiento": "2022-06-10",
        "idioma": "Coreano, Inglés",
        "duracion": "134 min",
        "peso": "250 g",
        "stock": "12",
        "categoria": "Álbum recopilatorio",
        "descripcion": "Celebración de su carrera con 3 CDs.",
        "fechaCompra": "2023-09-05",
        "fechaCaducidad": "2026-09-05",
        "imagen": "../images/bts-proof.jpg"
    },
    {
        "id": 1003,
        "nombreAlbum": "The Name Chapter: Freefall",
        "artistaGrupo": "TXT",
        "version": "Photobook",
        "fechaLanzamiento": "2023-10-13",
        "idioma": "Coreano",
        "duracion": "58 min",
        "peso": "220 g",
        "stock": "18",
        "categoria": "Álbum",
        "descripcion": "Incluye mini póster, photocard y stickers.",
        "fechaCompra": "2024-02-12",
        "fechaCaducidad": "2026-02-12",
        "imagen": "../images/txt-freefall.jpg"
    },
    {
        "id": 1004,
        "nombreAlbum": "Super Real Me",
        "artistaGrupo": "NewJeans",
        "version": "Limited",
        "fechaLanzamiento": "2024-04-21",
        "idioma": "Coreano",
        "duracion": "36 min",
        "peso": "180 g",
        "stock": "30",
        "categoria": "Mini álbum",
        "descripcion": "Incluye photocard y póster de edición limitada.",
        "fechaCompra": "2024-08-01",
        "fechaCaducidad": "2026-08-01",
        "imagen": "../images/newjeans.jpg"
    },
    {
        "id": 1005,
        "nombreAlbum": "Kill My Doubt",
        "artistaGrupo": "ITZY",
        "version": "Standard",
        "fechaLanzamiento": "2023-07-31",
        "idioma": "Coreano",
        "duracion": "40 min",
        "peso": "190 g",
        "stock": "22",
        "categoria": "Álbum",
        "descripcion": "Con photobook y set de postales.",
        "fechaCompra": "2024-01-20",
        "fechaCaducidad": "2026-01-20",
        "imagen": "../images/itzy-killmydoubt.jpg"
    },
    {
        "id": 1006,
        "nombreAlbum": "Get Up",
        "artistaGrupo": "aespa",
        "version": "Mini Album",
        "fechaLanzamiento": "2023-07-17",
        "idioma": "Coreano",
        "duracion": "30 min",
        "peso": "150 g",
        "stock": "15",
        "categoria": "Mini álbum",
        "descripcion": "Incluye photocard sorpresa y póster.",
        "fechaCompra": "2024-03-08",
        "fechaCaducidad": "2026-03-08",
        "imagen": "../images/aespa-getup.jpg"
    },
    {
        "id": 1007,
        "nombreAlbum": "ATEEZ World EP. Fin: Will",
        "artistaGrupo": "ATEEZ",
        "version": "A Version",
        "fechaLanzamiento": "2023-12-01",
        "idioma": "Coreano",
        "duracion": "50 min",
        "peso": "230 g",
        "stock": "10",
        "categoria": "Álbum físico",
        "descripcion": "Incluye photobook, stickers y tarjeta de miembro.",
        "fechaCompra": "2024-04-14",
        "fechaCaducidad": "2026-04-14",
        "imagen": "../images/ateez-will.jpg"
    },
    {
        "id": 1008,
        "nombreAlbum": "Cheshire",
        "artistaGrupo": "Stray Kids",
        "version": "Limited",
        "fechaLanzamiento": "2022-11-23",
        "idioma": "Coreano",
        "duracion": "42 min",
        "peso": "210 g",
        "stock": "28",
        "categoria": "Álbum físico",
        "descripcion": "Incluye photocard y mini póster de grupo.",
        "fechaCompra": "2023-07-22",
        "fechaCaducidad": "2026-07-22",
        "imagen": "../images/straykids-cheshire.jpg"
    }
]